{"assets/font/Kanit-Regular.ttf":["assets/font/Kanit-Regular.ttf"],"assets/font/Nunito-Bold.ttf":["assets/font/Nunito-Bold.ttf"],"assets/font/Nunito-Regular.ttf":["assets/font/Nunito-Regular.ttf"],"assets/image/app_icon.png":["assets/image/app_icon.png"],"assets/image/break_off.png":["assets/image/break_off.png"],"assets/image/break_on.png":["assets/image/break_on.png"],"assets/image/cup.png":["assets/image/cup.png"],"assets/image/cup1.png":["assets/image/cup1.png"],"assets/image/girl_drinking.png":["assets/image/girl_drinking.png"],"assets/image/lemon_off.png":["assets/image/lemon_off.png"],"assets/image/lemon_off_old.png":["assets/image/lemon_off_old.png"],"assets/image/lemon_on.png":["assets/image/lemon_on.png"],"assets/image/lemon_on_old.png":["assets/image/lemon_on_old.png"],"assets/image/straw.png":["assets/image/straw.png"],"assets/image/timer_off.png":["assets/image/timer_off.png"],"assets/image/timer_on.png":["assets/image/timer_on.png"],"assets/sound/Drip.wav":["assets/sound/Drip.wav"],"assets/sound/Slurp.wav":["assets/sound/Slurp.wav"],"assets/sound/Squeeze.wav":["assets/sound/Squeeze.wav"],"assets/sound/alarm/Alarm.wav":["assets/sound/alarm/Alarm.wav"],"assets/sound/alarm/Digital.wav":["assets/sound/alarm/Digital.wav"],"assets/sound/alarm/Marimba.wav":["assets/sound/alarm/Marimba.wav"],"assets/sound/alarm/Ripple.wav":["assets/sound/alarm/Ripple.wav"],"assets/sound/alarm/Wood.wav":["assets/sound/alarm/Wood.wav"]}